{
	"info": {
		"_postman_id": "ae83386a-96bc-46af-b055-6df76c6edfad",
		"name": "golang book postgresql api",
		"schema": "https://schema.getpostman.com/json/collection/v2.1.0/collection.json"
	},
	"item": [
		{
			"name": "get data books",
			"request": {
				"method": "GET",
				"header": [],
				"url": {
					"raw": "http://localhost:8080/books",
					"protocol": "http",
					"host": [
						"localhost"
					],
					"port": "8080",
					"path": [
						"books"
					]
				}
			},
			"response": []
		},
		{
			"name": "post data book",
			"request": {
				"method": "POST",
				"header": [],
				"body": {
					"mode": "raw",
					"raw": "{\r\n    \"title\": \"Butuh Waktu\",\r\n    \"author\": \"Bejo\",\r\n    \"desc\": \"Bejo Butuh Waktu\"\r\n}",
					"options": {
						"raw": {
							"language": "json"
						}
					}
				},
				"url": {
					"raw": "http://localhost:8080/books",
					"protocol": "http",
					"host": [
						"localhost"
					],
					"port": "8080",
					"path": [
						"books"
					]
				}
			},
			"response": []
		},
		{
			"name": "update data book",
			"request": {
				"method": "PUT",
				"header": [],
				"body": {
					"mode": "raw",
					"raw": "{\r\n    \"title\": \"Butuh\",\r\n    \"author\": \"Bejo\",\r\n    \"desc\": \"Bejo Butuh Waktu\"\r\n}",
					"options": {
						"raw": {
							"language": "json"
						}
					}
				},
				"url": {
					"raw": "http://localhost:8080/books/1",
					"protocol": "http",
					"host": [
						"localhost"
					],
					"port": "8080",
					"path": [
						"books",
						"1"
					]
				}
			},
			"response": []
		},
		{
			"name": "get data book",
			"request": {
				"method": "GET",
				"header": [],
				"url": {
					"raw": "http://localhost:8080/books/1",
					"protocol": "http",
					"host": [
						"localhost"
					],
					"port": "8080",
					"path": [
						"books",
						"1"
					]
				}
			},
			"response": []
		},
		{
			"name": "delete data book",
			"request": {
				"method": "DELETE",
				"header": [],
				"url": {
					"raw": "http://localhost:8080/books/2",
					"protocol": "http",
					"host": [
						"localhost"
					],
					"port": "8080",
					"path": [
						"books",
						"2"
					]
				}
			},
			"response": []
		}
	]
}